id,name,url
1,Hiller-Kaserne,https://de.wikipedia.org/wiki/Hiller-Kaserne
2,Kulturgeschichte,https://de.wikipedia.org/wiki/Kulturgeschichte
3,Britische_Ostindien-Kompanie,https://de.wikipedia.org/wiki/Britische_Ostindien-Kompanie
4,Schlacht_bei_Plassey,https://de.wikipedia.org/wiki/Schlacht_bei_Plassey
5,18._Jahrhundert,https://de.wikipedia.org/wiki/18._Jahrhundert
6,Peter_Ebdon,https://de.wikipedia.org/wiki/Peter_Ebdon
7,Mercedes_AMG_F1_Team,https://de.wikipedia.org/wiki/Mercedes_AMG_F1_Team
8,Pirelli,https://de.wikipedia.org/wiki/Pirelli
9,Chemie,https://de.wikipedia.org/wiki/Chemie
10,Atomhülle,https://de.wikipedia.org/wiki/Atomhülle
11,René_Descartes,https://de.wikipedia.org/wiki/René_Descartes
12,Autophagozytose,https://de.wikipedia.org/wiki/Autophagozytose
13,Mitochondrium,https://de.wikipedia.org/wiki/Mitochondrium
14,Atmungskette,https://de.wikipedia.org/wiki/Atmungskette
15,Cytochrom-c-Oxidase,https://de.wikipedia.org/wiki/Cytochrom-c-Oxidase
16,Wirbelsäule,https://de.wikipedia.org/wiki/Wirbelsäule
17,Altgriechische_Sprache,https://de.wikipedia.org/wiki/Altgriechische_Sprache
18,Influencer,https://de.wikipedia.org/wiki/Influencer
19,Barbara_Schöneberger,https://de.wikipedia.org/wiki/Barbara_Schöneberger
20,Kannibalismus,https://de.wikipedia.org/wiki/Kannibalismus
21,Fleischfresser,https://de.wikipedia.org/wiki/Fleischfresser
22,Pflanzenfresser,https://de.wikipedia.org/wiki/Pflanzenfresser
23,Aasfresser,https://de.wikipedia.org/wiki/Aasfresser
24,Ordnung_(Biologie),https://de.wikipedia.org/wiki/Ordnung_(Biologie)
25,Botanik,https://de.wikipedia.org/wiki/Botanik
26,Affe,https://de.wikipedia.org/wiki/Affe
27,Hunde,https://de.wikipedia.org/wiki/Hunde
28,Katzen,https://de.wikipedia.org/wiki/Katzen
29,Komodowaran,https://de.wikipedia.org/wiki/Komodowaran
30,Pferde,https://de.wikipedia.org/wiki/Pferde
31,Haushund,https://de.wikipedia.org/wiki/Haushund
32,Deutsche_Dogge,https://de.wikipedia.org/wiki/Deutsche_Dogge
33,Hannoveraner_(Pferd),https://de.wikipedia.org/wiki/Hannoveraner_(Pferd)
34,Hannover,https://de.wikipedia.org/wiki/Hannover
35,Niedersachsen,https://de.wikipedia.org/wiki/Niedersachsen
36,Affenbrotbäume,https://de.wikipedia.org/wiki/Affenbrotbäume
37,Hundefutter,https://de.wikipedia.org/wiki/Hundefutter
38,Belgien,https://de.wikipedia.org/wiki/Belgien
39,Deutschland,https://de.wikipedia.org/wiki/Deutschland
40,Frankreich,https://de.wikipedia.org/wiki/Frankreich
41,Spanien,https://de.wikipedia.org/wiki/Spanien
42,Italien,https://de.wikipedia.org/wiki/Italien
43,Bulgarien,https://de.wikipedia.org/wiki/Bulgarien
44,Estland,https://de.wikipedia.org/wiki/Estland
45,Irland,https://de.wikipedia.org/wiki/Irland
46,Polen,https://de.wikipedia.org/wiki/Polen
47,Schweden,https://de.wikipedia.org/wiki/Schweden
48,Kettenviper,https://de.wikipedia.org/wiki/Kettenviper
49,Hunsrück,https://de.wikipedia.org/wiki/Hunsrück
50,Hundsche_Regeln,https://de.wikipedia.org/wiki/Hundsche_Regeln
51,Elektron,https://de.wikipedia.org/wiki/Elektron
52,Atom,https://de.wikipedia.org/wiki/Atom
53,Hundertjähriger_Krieg,https://de.wikipedia.org/wiki/Hundertjähriger_Krieg
54,Hauspferd,https://de.wikipedia.org/wiki/Hauspferd
55,Schlachtross,https://de.wikipedia.org/wiki/Schlachtross
56,Alexander_der_Große,https://de.wikipedia.org/wiki/Alexander_der_Große
57,Altes_Ägypten,https://de.wikipedia.org/wiki/Altes_Ägypten
58,Kölner_Dom,https://de.wikipedia.org/wiki/Kölner_Dom
59,Louvre,https://de.wikipedia.org/wiki/Louvre
60,E-Fuel,https://de.wikipedia.org/wiki/E-Fuel
61,Tommi_Schmitt,https://de.wikipedia.org/wiki/Tommi_Schmitt
62,Elektronische_Musik,https://de.wikipedia.org/wiki/Elektronische_Musik
63,Asterix,https://de.wikipedia.org/wiki/Asterix
64,Tim_und_Struppi,https://de.wikipedia.org/wiki/Tim_und_Struppi
65,Kalter_Krieg,https://de.wikipedia.org/wiki/Kalter_Krieg
66,Iran,https://de.wikipedia.org/wiki/Iran
67,Xi,https://de.wikipedia.org/wiki/Xi
68,Xi_Jinping,https://de.wikipedia.org/wiki/Xi_Jinping
69,Marie_Curie,https://de.wikipedia.org/wiki/Marie_Curie
70,Meica,https://de.wikipedia.org/wiki/Meica
71,Rechtsform,https://de.wikipedia.org/wiki/Rechtsform
72,Rheinmetall,https://de.wikipedia.org/wiki/Rheinmetall
73,Pokémon,https://de.wikipedia.org/wiki/Pokémon
74,Heiliges_Römisches_Reich,https://de.wikipedia.org/wiki/Heiliges_Römisches_Reich
75,Geschichte_Russlands,https://de.wikipedia.org/wiki/Geschichte_Russlands
76,Feldmaus,https://de.wikipedia.org/wiki/Feldmaus
77,Panzerkampfwagen_VIII_Maus,https://de.wikipedia.org/wiki/Panzerkampfwagen_VIII_Maus
78,1944,https://de.wikipedia.org/wiki/1944
79,Mickie_Krause,https://de.wikipedia.org/wiki/Mickie_Krause
80,Leukämie,https://de.wikipedia.org/wiki/Leukämie
81,Homosexualität,https://de.wikipedia.org/wiki/Homosexualität
82,Blutspende,https://de.wikipedia.org/wiki/Blutspende
83,Orang-Utans,https://de.wikipedia.org/wiki/Orang-Utans
84,Anime,https://de.wikipedia.org/wiki/Anime
85,COVID-19,https://de.wikipedia.org/wiki/COVID-19
86,Marder,https://de.wikipedia.org/wiki/Marder
87,BwFuhrparkService,https://de.wikipedia.org/wiki/BwFuhrparkService
88,Marder_(Schützenpanzer),https://de.wikipedia.org/wiki/Marder_(Schützenpanzer)
89,Malaysia-Airlines-Flug_370,https://de.wikipedia.org/wiki/Malaysia-Airlines-Flug_370
90,Singapur,https://de.wikipedia.org/wiki/Singapur
91,Vereinigte_Staaten,https://de.wikipedia.org/wiki/Vereinigte_Staaten
92,Marvel’s_The_Avengers,https://de.wikipedia.org/wiki/Marvel’s_The_Avengers
93,Eisen,https://de.wikipedia.org/wiki/Eisen
94,Supernatural,https://de.wikipedia.org/wiki/Supernatural
95,Super_Bowl,https://de.wikipedia.org/wiki/Super_Bowl
96,Super_Mario#Super_Mario_Bros._(1985),https://de.wikipedia.org/wiki/Super_Mario#Super_Mario_Bros._(1985)
97,Ramadan,https://de.wikipedia.org/wiki/Ramadan
98,Paulus_von_Tarsus,https://de.wikipedia.org/wiki/Paulus_von_Tarsus
99,Steve_Jobs,https://de.wikipedia.org/wiki/Steve_Jobs
100,Philosophie,https://de.wikipedia.org/wiki/Philosophie
101,Alligatoah,https://de.wikipedia.org/wiki/Alligatoah
102,Krokodile,https://de.wikipedia.org/wiki/Krokodile
103,Glücksspiel,https://de.wikipedia.org/wiki/Glücksspiel
104,Monaco,https://de.wikipedia.org/wiki/Monaco
105,Nico_Rosberg,https://de.wikipedia.org/wiki/Nico_Rosberg
106,Ducati,https://de.wikipedia.org/wiki/Ducati
107,Erich_Honecker,https://de.wikipedia.org/wiki/Erich_Honecker
108,Fachhochschule_der_Wirtschaft,https://de.wikipedia.org/wiki/Fachhochschule_der_Wirtschaft
109,Frikandel,https://de.wikipedia.org/wiki/Frikandel
110,Indien,https://de.wikipedia.org/wiki/Indien
111,Republik,https://de.wikipedia.org/wiki/Republik
112,Ermächtigungsgesetz,https://de.wikipedia.org/wiki/Ermächtigungsgesetz
113,Björn_Höcke,https://de.wikipedia.org/wiki/Björn_Höcke
114,Stammzelltherapie,https://de.wikipedia.org/wiki/Stammzelltherapie
115,Rhein,https://de.wikipedia.org/wiki/Rhein
116,Entwurmung,https://de.wikipedia.org/wiki/Entwurmung
117,Sofies_Welt,https://de.wikipedia.org/wiki/Sofies_Welt
118,Figuren_in_Tolkiens_Welt,https://de.wikipedia.org/wiki/Figuren_in_Tolkiens_Welt
119,Gebirge,https://de.wikipedia.org/wiki/Gebirge
120,Katarakt_(Medizin),https://de.wikipedia.org/wiki/Katarakt_(Medizin)
121,Star_(Art),https://de.wikipedia.org/wiki/Star_(Art)
122,Amsel,https://de.wikipedia.org/wiki/Amsel
123,Rechtsextremismus,https://de.wikipedia.org/wiki/Rechtsextremismus
124,Judo,https://de.wikipedia.org/wiki/Judo
125,Liposom,https://de.wikipedia.org/wiki/Liposom
126,Nestlé,https://de.wikipedia.org/wiki/Nestlé
127,Wasserpistole,https://de.wikipedia.org/wiki/Wasserpistole
128,Kaiserschnitt,https://de.wikipedia.org/wiki/Kaiserschnitt
129,Gang_nach_Canossa,https://de.wikipedia.org/wiki/Gang_nach_Canossa
130,ZDF-Fernsehgarten,https://de.wikipedia.org/wiki/ZDF-Fernsehgarten
131,Die_Flippers,https://de.wikipedia.org/wiki/Die_Flippers
132,Scorpions,https://de.wikipedia.org/wiki/Scorpions
133,Gitarre,https://de.wikipedia.org/wiki/Gitarre
